sim_id	d	r	kmercov	bias	length	kmercov1	kmercov2	bias.1	length.1	het	theta	X	maternal	paternal	mapping_monosomic	mapping_disomic	simulated_sperm	two_tissue_sperm	mapping_sperm
95174	0.00494088014811323	0.00196681221819867	7.182456673309	0.00627758296287569	18824412.3049603	6.64318376426295	14.3273882849889	0.0328390936058584	19581332.9336497	0.0686352713000532	1e-04	1	10	10	10.027235936684	20.2976136501521	0	-0.156705097044459	-0.0242481356097926
95175	0.00425440931282176	0.00193428794889441	7.17439575109802	0.00716056644693699	18855339.391384	10.5596930136779	14.7432674887506	9.38443550380959e-07	19299407.9071196	0.168875751972793	0.001	1	10	10	9.95315556639298	20.3423729246389	0	0.603816657392053	-0.0438114112598937
95176	0.0045955391091646	0.00204392283768396	7.2023136425739	0.014204833801559	18782069.8902477	10.1240899083383	14.7592728760871	8.60087330276584e-06	19279271.1433061	0.155510643567044	0.003	1	10	10	9.99736610920612	20.1012582445236	0	0.542162998381591	-0.0106554091295372
95177	0.00353135123050368	0.00202010812822627	7.20190380212348	0.0120189217168722	18807605.1215906	10.2546495705073	14.7510609919402	8.83702336763251e-07	19282711.7947503	0.155403260880203	0.005	1	10	10	10.0140760534992	20.3345663107232	0	0.561524614710899	-0.0305983499713616
95178	0.00367564272387971	0.00344798311149396	7.20585110530473	0.0136952472824495	18308181.3742201	6.88277279142511	14.3699628759661	0.0390495679033687	19606355.2967836	0.121719333350469	1e-04	2	10	10	9.98603408857172	20.2677830604708	0	-0.0878159589793366	-0.0296128453702942
95179	0.00451507468334405	0.00332978556479086	7.18194452631962	0.0070439403913327	18364350.5618766	6.84435524762658	14.3229581884442	0.0336100239618325	19615050.1759586	0.117501201565536	0.001	2	10	10	9.80483684223771	20.0847131967476	0	-0.0926672667101813	-0.0484495071071231
95180	0.00390863971842039	0.00339519671804963	7.19155523787054	0.0104334683359896	18349550.9359702	6.87341493182424	14.3430003536907	0.0354676510491651	19627259.9505123	0.120114282493654	0.003	2	10	10	9.91900469179637	20.2231583857901	0	-0.0867357050251574	-0.0388294001429297
95181	0.00397483832266144	0.00343361684188462	7.19783418568007	0.00946983429998447	18338409.9532777	6.90542157074158	14.3585674253843	0.0333143336662079	19624657.4834594	0.121991319696205	0.005	2	10	10	9.91363089416527	20.3852458837689	0	-0.0793180080738096	-0.0562845340314986
95182	0.00291821408388409	0.00835555592396271	7.20923237029462	0.0142492410487161	16871786.6009938	7.02174579434709	14.3737568746184	0.0325613192395065	19646924.4420145	0.270197800147305	1e-04	5	10	10	10.01547781965	20.4527688055871	0	-0.0470346400449448	-0.0421161300421953
95183	0.00369643271308439	0.00850838199840775	7.22501508533863	0.00488987636417084	16824268.2548732	7.01037459536558	14.4009511526948	0.0256158674889508	19644238.1990082	0.273310311376391	0.001	5	10	10	9.99192552895027	20.2996904125713	0	-0.0542341863179443	-0.0316094584327773
95184	0.00311192921955748	0.00846188130137813	7.2125967138104	0.0133841494492964	16866644.869164	7.01030673581736	14.3773882255351	0.0326134360136816	19677900.3551567	0.272441828347821	0.003	5	10	10	9.94797323136949	20.3223769168427	0	-0.0508928877644585	-0.0428660636881324
95185	0.00372474568594976	0.00828719440524743	7.1926243514972	0.0207752747594415	16902287.540164	6.97965483083101	14.3354295683635	0.0418867819992853	19664756.4926464	0.267388830523132	0.005	5	10	10	9.89194928211784	20.2906311956656	0	-0.0538880382794944	-0.0512267720929347
95186	0.477390989610138	0.000650450334729093	3.63156843692124	8.45468714468319e-07	19343653.6232922	7.06297113039065	14.4729761547072	0.0271536597252888	19677942.5181715	0.522341586181026	1e-04	10	10	10	10.0121816257609	20.4188660350663	0	-0.0491342648184807	-0.0394022799715759
95187	0.483225836265327	0.000615513579360065	3.6103483888918	9.27174659122772e-05	19405450.2210088	7.03403011849659	14.3897473193256	0.0296249557655368	19728071.3690538	0.516821413837231	0.001	10	10	10	9.95963226199758	20.3197873758497	0	-0.0457329691390596	-0.0402146225200295
95188	0.481860454661589	0.000593674362692935	3.61337070608423	1.58987561936821e-05	19380960.8329797	7.04009450510581	14.405991680931	0.0239556621052965	19688031.6480964	0.517814265791179	0.003	10	10	10	10.0192049658064	20.2006822061727	0	-0.0462781672153822	-0.0161961228574228
95189	0.483056224298207	0.000661173512578697	3.61951215339617	3.89192112124938e-05	19354327.8015367	7.05054396218233	14.4048055542993	0.0362993535800741	19689652.0327632	0.517255038828925	0.005	10	10	10	9.97318873438167	20.3382835000412	0	-0.0430771911449273	-0.0392959605714467
95190	0.00408785475282091	0.00193759153734445	7.14903556038669	0.0177665063338988	18837101.7826172	10.2483601529835	14.6656493259043	0.000259510147800221	19288808.9699099	0.159431601712989	1e-04	1	10	9.9	9.90450060908083	19.8798146984066	0.00999999999999996	0.568976001332775	-0.0071496265223121
95191	0.00401888369923487	0.00197822056322338	7.15326536432043	0.012208229069035	18834058.067563	9.515400243187	14.5845273825953	8.88437092956838e-06	19402342.1463326	0.131049903551444	0.001	1	10	9.9	9.9152579272207	20.1688497892006	0.00999999999999996	0.467271264491709	-0.0341225550805249
95192	0.00446826898593511	0.00199728036575768	7.15383558135496	0.00928580828200961	18823102.9354493	10.1838894215326	14.6530750086366	4.11371017915398e-06	19292250.1706212	0.154389586333169	0.003	1	10	9.9	9.96176875717426	20.0443218845967	0.00999999999999996	0.561151402758317	-0.0121247916100435
95193	0.00372675903871836	0.00203714768616183	7.17523110278034	0.0180262382859032	18771398.2018041	7.78641421666874	14.3879755136145	9.14891096395629e-05	19406658.3080752	0.0809825134858918	0.005	1	10	9.9	10.097651617479	20.0592532455292	0.00999999999999996	0.152169263893836	0.0134734287320133
95194	0.00369443806840286	0.00338876081838239	7.1594830980212	0.0114047991406171	18333701.4815082	6.86406665634714	14.2811894024467	0.0350046736284719	19606251.9040362	0.120359957491107	1e-04	2	10	9.9	9.92204844823158	20.198755723283	0.00999999999999996	-0.0805726572076646	-0.0357445167366675
95195	0.00356292494602097	0.00339511215685855	7.1651109869157	0.0157498199818288	18336610.0760227	6.82792050534498	14.2866802804512	0.0417900205614602	19620638.8241986	0.119530389596948	0.001	2	10	9.9	9.85211976602583	20.0907666246774	0.00999999999999996	-0.0923911268837141	-0.0392328861001716
95196	0.0042158286016166	0.00335667293345698	7.15115217362241	0.0141571095000423	18362839.9029914	6.88128810536266	14.2689724153077	0.0368003962961956	19615058.6832934	0.119897237157392	0.003	2	10	9.9	10.0022725465995	20.2120195586619	0.00999999999999996	-0.0735903215835043	-0.0207427326636322
95197	0.00375541133080864	0.00338627858838306	7.16478428065864	0.0130203846426922	18330484.2755222	6.86388887905191	14.2912669556165	0.0370356051548623	19602235.4115592	0.120145589352883	0.005	2	10	9.9	10.0894814040533	20.0833321779236	0.00999999999999996	-0.0820947435836861	0.0094782503037848
95198	0.00319342169260384	0.00830854329070402	7.17211616014094	0.0232447927444978	16880174.8492806	6.99312028584592	14.301518068606	0.0413278805105197	19636616.1767497	0.269206102767518	1e-04	5	10	9.9	9.90511608065655	20.1848399094566	0.00999999999999996	-0.0450839516592161	-0.0378196222127132
95199	0.0035565243325951	0.00829346025262662	7.16025195083232	0.016473416751724	16900062.6119377	6.99950154459036	14.2834021144586	0.0339112052979675	19646716.526456	0.269592367568055	0.001	5	10	9.9	9.97546866466294	20.1217240379312	0.00999999999999996	-0.0406313254545505	-0.0171206701505984
95200	0.00310637878945089	0.0084072764270884	7.18083859211702	0.0217764804637796	16864070.9398691	7.0167776771754	14.3227749905892	0.0385734175023068	19643554.923478	0.272429598599603	0.003	5	10	9.9	9.95757397180666	20.3017168695409	0.00999999999999996	-0.0412182984191152	-0.0388215972105346
95201	0.00231752310382808	0.00834262468164079	7.17115861151021	0.0211473880905314	16911844.0810299	7.00063009330615	14.3001464642122	0.0374274642445005	19686827.9292051	0.270393675616491	0.005	5	10	9.9	9.99441949069165	20.3504989657463	0.00999999999999996	-0.0426941966103436	-0.0361861921745266
95202	0.480516138757708	0.000517766524766093	3.59672705492979	6.11431343997913e-05	19453247.1704109	7.04645508626229	14.3370826111636	0.0277596847636373	19718534.6727943	0.519757660559374	1e-04	10	10	9.9	9.87961369510805	19.9740605119454	0.00999999999999996	-0.0346518122445791	-0.0217450933163181
95203	0.482091444016992	0.000608293857304066	3.60928346775655	7.11141318470999e-06	19402607.527468	7.05153662484348	14.370704262046	0.0337500105299332	19714379.6876846	0.51857873010805	0.001	10	10	9.9	9.86452629330869	19.8539189128623	0.00999999999999996	-0.0379535733270027	-0.0126581168250948
95204	0.48272953891477	0.000603712686449223	3.60420784133916	2.03867712977033e-05	19395573.7500078	7.05004936383973	14.34382424457	0.0392513508896846	19701759.4172163	0.518066500817687	0.003	10	10	9.9	10.063458135225	19.8441548632413	0.00999999999999996	-0.0345707532404846	0.0280978370863345
95205	0.483595337029426	0.00053498292247567	3.59482444755208	1.2965443836311e-05	19438173.9696559	7.03720841734718	14.3239504992618	0.0277589394141686	19707595.3628453	0.516671331561737	0.005	10	10	9.9	9.97200590517945	20.2408769661364	0.00999999999999996	-0.0354591834955924	-0.0297698535881641
95206	0.00433826816684806	0.00183787481051668	6.99220682797756	0.0197128346847343	18873860.9704866	6.5137904891777	13.9519564142562	0.0429039767586088	19581318.3812309	0.0646645683907246	1e-04	1	10	9.5	10.07992447663	19.8428670095348	0.05	-0.141910526203844	0.0314468570136723
95207	0.00372016571617863	0.00200372515847571	7.02097231154521	0.0101698972267599	18827236.0782567	6.69860784692591	14.0178039316516	0.0280242346924633	19591749.2390734	0.0728623799773716	0.001	1	10	9.5	9.67128862286601	19.5877591554333	0.05	-0.0926443601388871	-0.0253515244206022
95208	0.00318403243018137	0.00195490306132094	7.00966547017813	0.0226851018328174	18867256.86574	6.77981708975496	14.0024928142568	0.0361893086073101	19610777.5376911	0.0726929784731886	0.003	1	10	9.5	9.94120168495221	19.6614977704506	0.05	-0.0653201449071668	0.0222212169569197
95209	0.00365771105220317	0.00188416861124925	7.00216308738572	0.0210151514957807	18877670.02183	6.59976971564643	13.9755246876764	0.0411784910855894	19605034.8480239	0.0673867327456606	0.005	1	10	9.5	10.3156369767078	19.7369007612164	0.05	-0.117577626162299	0.0867007237864856
95210	0.00250689999491038	0.00323240865025282	7.00311417619842	0.0390631513300727	18413144.4841163	6.8642806637099	13.988680227451	0.0516483752978776	19618952.8207798	0.11899404611782	1e-04	2	10	9.5	9.79001108960342	19.7126918893291	0.05	-0.0378945606648047	-0.013551538288159
95211	0.0031379545405331	0.00328466144308373	7.00881294580181	0.021504853717484	18391947.7808719	6.83302402656772	13.9955327432258	0.037256788018117	19615311.8230244	0.119736150275224	0.001	2	10	9.5	9.99245955847449	19.7780108934454	0.05	-0.0482194543454377	0.0207064359172815
95212	0.00254540772449874	0.00320644675663595	6.99701244557481	0.0325399339821599	18428513.873603	6.77498358106439	13.9651410639676	0.0501938036671819	19638915.5872346	0.115846954791166	0.003	2	10	9.5	9.70202135769199	19.7355811307779	0.05	-0.0612804292248328	-0.0341720970477011
95213	0.00304514982105413	0.00328902476635396	7.01101960823043	0.0277414969830296	18390266.4326256	6.8584614049562	14.0030526662443	0.0419554222869452	19612142.9520887	0.120522961024971	0.005	2	10	9.5	10.1355084364098	19.7906223524399	0.05	-0.0417192485949005	0.0473971802592535
95249	0.00290170971108093	0.00808034009082298	7.00340754685449	0.0256981564317512	16975100.4718261	6.99332471277731	14.0092368794301	0.0309009867325619	19619262.2779772	0.270511056430813	1e-04	5	10	9.5	9.99719797839614	19.6651533068936	0.05	-0.00322985915900786	0.032933493025763
95250	0.00219528693469551	0.00814843638852448	7.01331806741341	0.0313694196174515	16976672.0952369	7.01601927494864	14.0316217415704	0.0344370436541722	19641929.3160658	0.272929515556966	1e-04	5	10	9.5	9.93496080556334	19.7978370696684	0.05	5.9408093185942e-05	0.00725564427168301
95251	0.00252113330950202	0.00794730319975965	6.98004225455426	0.0278963633804117	17054560.5167318	7.01911803775612	13.9766621665081	0.0281068378814096	19655687.5289062	0.269419543860294	0.001	5	10	9.5	9.93137044026364	19.7291257760925	0.05	0.00877231422422731	0.0134538435796414
95252	0.00145435995207304	0.00803968350053028	7.000805416692	0.0344755265665251	17019915.4989183	6.98806729831049	14.0005009644184	0.0377958135999639	19668913.6728121	0.269213190242981	0.003	5	10	9.5	10.0318268383512	19.7487212666758	0.05	-0.00348685362593892	0.0313933259715596
95253	0.0020254808711715	0.00815755993816343	7.00672203308631	0.0302112986517244	16995452.3136886	7.03821660251797	14.0269138725841	0.0304220126236525	19657283.4623459	0.274637156991733	0.005	5	10	9.5	10.0161853325975	19.8232041162434	0.05	0.0070357784149645	0.0208828552992996
95254	0.483102097094256	5.63667650015883e-05	3.51394339486302	0.0165811646463007	19681374.3672717	7.03011139453637	14.037023128654	0.0247570523720544	19697578.2739031	0.517656350895204	1e-04	10	10	9.5	9.99079612278693	19.8306001744333	0.05	0.00330004165179643	0.0151131170414116
95255	0.485511354190164	-7.21163573057277e-05	3.50116933028368	0.0346426255988375	19773352.5179863	7.04192530811704	14.0032275467257	0.0333412095837188	19717499.2952301	0.515452981768696	0.001	10	10	9.5	9.95897688794038	19.6602512784286	0.05	0.0114490094655575	0.0258764028024024
95256	0.483750505619303	-6.04278591119333e-05	3.50461042420363	0.0199884079976398	19768558.0899204	7.04120132568819	14.0163433951035	0.0184989837565874	19721429.9283087	0.516975000051666	0.003	10	10	9.5	9.96482908428587	19.6964104059454	0.05	0.00938181614433875	0.0234071011809087
95257	0.480787600746827	0.000123927820244225	3.53018230166352	0.00880026578650504	19668960.9500605	7.05080775120375	14.0882518086863	0.0236151847152688	19716478.5721186	0.520233829190272	0.005	10	10	9.5	10.0449266265692	20.0595583344317	0.05	0.00189534223492593	0.00301594225950541
95258	0.0033056733016533	0.00192352014060663	6.83406606739816	0.0199459062899046	18849112.2225119	9.92253003912949	14.0493472051717	9.91962599996839e-06	19314141.1207364	0.169956872321295	1e-04	1	10	9	9.80469431831235	19.3107005619258	0.1	0.584096278895795	0.0304637824497025
95259	0.00443586989809001	0.00179261974135404	6.8101670978594	0.0217624349936118	18897558.2230237	6.35798663033904	13.5900486255195	0.0442065579580768	19584441.3918416	0.0631127621732397	0.001	1	10	9	10.016050423829	19.1854347202053	0.1	-0.137476754145803	0.0845309370087047
95260	0.00449992641818049	0.00185475590508	6.81864658154513	0.0211767979398511	18870997.513905	6.44815299999414	13.6118628606772	0.0413923248075521	19573503.4138764	0.0664553953380292	0.003	1	10	9	9.84319153874953	19.3422622756582	0.1	-0.110970825395981	0.0349602870660561
95261	0.00307086981505138	0.00186974961381881	6.82322370344014	0.0311265200566711	18900723.5174358	9.82163163223072	14.0446671587589	5.06192011905794e-06	19379586.2747558	0.171196109263693	0.005	1	10	9	10.1767918061259	19.3122096795183	0.1	0.570027090746323	0.102328312553927
95262	0.00219238957162362	0.0030431571714609	6.80411028417028	0.0383492954432526	18491063.8245182	6.75400054460216	13.6035322328395	0.0447386463666338	19621533.8463065	0.114996359635345	1e-04	2	10	9	9.92704261743992	19.2046764441618	0.1	-0.0141443790245959	0.065418152791764
95263	0.00244393725767678	0.00306213230203388	6.80517862633886	0.030134805100577	18484021.6177515	6.79426825703565	13.611786745033	0.0342507739648859	19612079.8785303	0.11687017362709	0.001	2	10	9	9.80006199472578	19.0566501323993	0.1	-0.00342203605776414	0.0554561652104596
95264	0.00292930396806613	0.00313083990470859	6.81013053196699	0.0231853631710899	18464037.4977463	6.77340729320567	13.618383801133	0.0296439073363387	19614869.7861885	0.118425651529994	0.003	2	10	9	10.1412483219411	19.2208120896765	0.1	-0.010566205695832	0.104689730544187
95265	0.00232554592293541	0.00318146019209241	6.82130273934209	0.0250470102517095	18450379.1009365	6.82616608158681	13.6463052125892	0.027917034947661	19618712.9987009	0.121561107974359	0.005	2	10	9	9.9834008929051	19.1517392592908	0.1	0.000882918832091906	0.0816417707014693
95266	0.00122894702112331	0.00769541379450472	6.80168786650836	0.050598814524367	17128548.1358585	6.98124311927809	13.6658724922322	0.0339308516659383	19625297.2037577	0.270869926384092	1e-04	5	10	9	9.95594741213763	19.3043757952582	0.1	0.042487239200266	0.0610207149423485
95267	0.00119325697745804	0.00775763860056908	6.80866007137021	0.0536738127030699	17107364.8264621	6.9877713270713	13.6800244192927	0.0369699733212521	19620307.0475078	0.272571595894645	0.001	5	10	9	9.89506358416539	19.0179211947218	0.1	0.0422907706932302	0.0780395160719033
95268	0.000619514498418198	0.00777265991063073	6.81159021785981	0.0479591593979294	17124570.4144164	6.98498538771361	13.6822955065778	0.0312809162974328	19650146.6931788	0.272535796459402	0.003	5	10	9	9.86629487844815	19.4728142961692	0.1	0.0411848061064568	0.026329586124022
95269	0.00173279992601793	0.00769985349788314	6.79645325831112	0.041897764391588	17148010.1922536	6.94722261930427	13.6455648149358	0.029526867681334	19655353.9693138	0.269167509710328	0.005	5	10	9	9.94520662057811	19.2186538092395	0.1	0.0358244491807668	0.0675460508308346
95270	0.482273271405179	-0.000856820690286629	3.39831149891685	0.0928282404836468	20158667.9351774	7.04519294191701	13.7228679219474	0.0278117491148069	19677630.8051041	0.520645225281023	1e-04	10	10	9	9.89109527340109	19.3869950610418	0.1	0.0521657767099589	0.0399546738593378
95271	0.483247902459068	-0.00092509161821355	3.39022623405072	0.102256250316754	20208443.313436	7.04113731209565	13.7085574356962	0.0308927634033316	19697815.4486504	0.519593679014683	0.001	10	10	9	9.80101753610039	19.1419048307417	0.1	0.0530762534417711	0.0469471909181132
95272	0.483529928090872	-0.00102079318825638	3.38000499241141	0.104001552883622	20260849.2196897	7.03919391270925	13.6859000802367	0.0237205357554004	19702986.435629	0.519211188536779	0.003	10	10	9	10.0047065373542	19.2911668815286	0.1	0.0557574844575834	0.0717908306953445
95273	0.485164949373145	-0.00105775831116493	3.37319591780038	0.115440803727083	20283612.546759	7.03903754863627	13.6721438262042	0.0324103400625249	19707576.503071	0.518088861026306	0.005	10	10	9	9.88219190436169	19.4670745668178	0.1	0.0576685758903196	0.0300853540168915
95274	0.00139289197901217	0.00160800688409949	6.26717502952079	0.0432069834457482	18997173.855028	6.48534137995553	12.55630534114	0.0364636393356822	19594444.0269954	0.0691029357525956	1e-04	1	10	7.5	9.98074043773339	17.5919390975466	0.25	0.0638944651474772	0.23741142179811
95275	0.00196861511716904	0.00165011819798397	6.27559568962084	0.0331162446207047	18968521.6495745	6.38775353259142	12.5637539729723	0.0314597006666489	19582525.0225582	0.0681114527465187	0.001	1	10	7.5	9.63687725774699	17.5798296836282	0.25	0.0331498532512469	0.175775283482422
95276	0.00170093867745896	0.00163846848456652	6.2713701062616	0.0372401894454671	18992478.9027177	6.30848632454904	12.5480406117433	0.0382669919268033	19612324.5327382	0.0660018817512937	0.003	1	10	7.5	9.85777341877148	17.8783481605814	0.25	0.0109268743417159	0.186370552346345
95277	0.00260355399528586	0.00158603668056801	6.26407451775275	0.0375524874922259	18988497.5796514	6.40370560323358	12.5436123084123	0.0359377300388506	19569210.5769829	0.06609779306509	0.005	1	10	7.5	10.0400241562951	17.7345757688579	0.25	0.0411947260538732	0.233612241088253
95278	-0.000221461531721292	0.00257352372093234	6.24747958537462	0.0705520513675539	18675572.6079386	6.66910638349227	12.5634677710768	0.0415213452980382	19607090.8290613	0.116391434919407	1e-04	2	10	7.5	9.96430043850182	17.8801121722625	0.25	0.116169236380069	0.205582792026807
95279	0.000886139962563275	0.00251163939066182	6.23189886628874	0.0582279482401286	18688429.9230297	7.76167741937412	12.7525995111148	1.08223396558897e-06	19497217.8052689	0.163156596752343	0.001	2	10	7.5	9.85513470293854	17.7158434387854	0.25	0.356978933537909	0.202374297988743
95280	0.000418893935301483	0.00242976570211288	6.22328396900871	0.0706709639470828	18736568.4754003	7.71968844178653	12.737526529249	4.66882617883226e-07	19519865.867268	0.162142171013107	0.003	2	10	7.5	9.94364601275316	17.6890768004019	0.25	0.349994740681372	0.221067325031997
95281	0.000313195336637971	0.0025373115406304	6.23738390327744	0.0592177528133561	18690768.2639372	6.8682994410344	12.5917455895406	1.60372006340878e-05	19551135.1387176	0.128310328451454	0.005	2	10	7.5	10.0149957364686	17.7887337283785	0.25	0.166686572470664	0.223790184592629
95282	-0.00979100243407858	0.00519639081887901	6.09661006099563	0.217361737797051	17955325.6057285	6.93953233008295	12.5545158400292	0.0473342854605092	19645950.7306884	0.265335661669503	1e-04	5	10	7.5	9.93419660479335	17.6643415406342	0.25	0.19087004096728	0.22186511467762
95283	-0.00778309840572275	0.00537253666598175	6.10915595256913	0.193206052749411	17898026.7612467	6.88875822953565	12.5454233933695	0.0441420027685512	19642963.7018573	0.262498025621421	0.001	5	10	7.5	9.95014640384592	17.6014944919832	0.25	0.178855611511982	0.231031607215358
95284	-0.00996021837204667	0.00524013244274362	6.09023708062383	0.208585392499654	17978406.0384815	6.97896091134166	12.5735831610994	0.025110223840644	19666255.793668	0.272963604903099	0.003	5	10	7.5	10.0166301390433	17.7027923604852	0.25	0.198358850145471	0.232659875152781
95285	-0.00777839416872979	0.00544478167661061	6.11941502081644	0.200527199923478	17861311.515662	6.92563386120567	12.5879188430473	0.0428176414304809	19614726.8017088	0.268554170281092	0.005	5	10	7.5	9.9675256859985	17.6855258525364	0.25	0.182416354182505	0.225685449962826
95286	-0.109935289677405	-0.00522841717087729	4.87984532136147	1.93411240094875	21101395.9533332	7.05762763867706	12.6107287619497	0.0398096010595925	19675976.0279674	0.521094637827925	1e-04	10	10	7.5	9.90436929928591	17.9014062180693	0.25	0.213177372401931	0.192574844784921
95287	-0.129421826770923	-0.00576388682730687	4.90332132170783	2.05111847021095	21147306.3916338	7.01267230447981	12.6010488525787	0.0251050169297509	19699855.004313	0.516961428536131	0.001	10	10	7.5	10.0215261369034	17.9554499356077	0.25	0.203103138795043	0.208311818946586
95288	-0.129656300283603	-0.00578604418387884	4.90455196870909	2.05050660677307	21142870.8529679	7.01217071480747	12.5935991460535	0.0253338297816548	19695421.5405433	0.515897714878968	0.003	10	10	7.5	10.0246746508305	17.5445930022162	0.25	0.204037001058769	0.249859111311637
95289	-0.125488774482752	-0.00572737495937728	4.89783418590681	2.03281320140313	21140863.3825055	7.05713299379547	12.6371530449078	0.0372846571484278	19691095.3483542	0.521592715340213	0.005	10	10	7.5	9.91038849726717	17.8332218608299	0.25	0.209307794536648	0.200552696218974
95290	0.00330774805475271	0.00118202175065288	5.35029825972165	0.0288052455793696	19139343.8715776	5.38340170251898	10.7065614028315	0.0336181636828607	19570871.845712	0.0475818662559062	1e-04	1	10	5	10.2739364206211	15.1314629707663	0.5	0.0111903226872837	0.527199084043821
95291	0.00155785585273405	0.00102248180009256	5.33499576233444	0.0476938866316971	19216243.5715622	5.2648215800144	10.667729201979	0.0521696644952195	19611407.2311528	0.0400165808736302	0.001	1	10	5	9.78277843263115	15.2749758731988	0.5	-0.0262280572763158	0.438585113790574
95292	0.00232160526537667	0.00113909895478459	5.34668542167439	0.0442143457381264	19158808.607288	5.61023079691071	10.7150471510806	0.0406439415486798	19571700.801362	0.0510302471364262	0.003	1	10	5	10.0303909977869	15.2065113055041	0.5	0.0900879947789541	0.483956277590848
95293	0.00256860632567395	0.00107459480079447	5.33552618489606	0.042971811445109	19210895.8773153	5.41745401411478	10.6791613507874	0.0454027218504189	19607375.0755038	0.0443931374535458	0.005	1	10	5	9.72430124313077	15.0517475334719	0.5	0.0287490538980808	0.452151249005739
95294	0.000580781176160415	0.00145783100600013	5.28902653595467	0.0788766204511611	19058212.3665449	6.00028785615695	10.6609862127995	0.0489939081566986	19575937.1064944	0.0827187652342921	1e-04	2	10	5	10.0257199281497	15.3303327255771	0.5	0.223254205736119	0.470899562780187
95295	-7.89824273193062e-05	0.00143786267787847	5.28655959050401	0.0827885269917365	19086394.2019897	6.01311592008407	10.6569025415095	0.0510839469663838	19603276.5438839	0.082695882458241	0.001	2	10	5	9.94600021145447	15.2336937174996	0.5	0.227723748694919	0.46835980357657
95296	0.000544862292854907	0.00146314348473054	5.2867814499388	0.0739219072169395	19080592.8365017	6.00022514027311	10.6570550092694	0.0436825016837939	19600694.7700758	0.0831382041510846	0.003	2	10	5	9.8796891504777	15.1492613006549	0.5	0.223890810739757	0.466625713631647
95297	-0.000964372844839397	0.00138272019037874	5.28508578004858	0.0897410200542988	19108054.6237281	6.15281581334501	10.672668056825	0.0497617893586818	19605496.5603496	0.0871092815649883	0.005	2	10	5	10.0733680881354	15.1573584186319	0.5	0.265401016283186	0.495303826285816
95298	-0.00813295823039753	0.00171279217966562	5.04759545788141	0.246163980304848	19046086.6422235	6.64949693803306	10.5421359055947	0.0746393297920274	19627426.0512664	0.209263946110887	1e-04	5	10	5	9.89532272895393	15.3044208569992	0.5	0.41459647190798	0.453368194630163
95299	-0.0124090461170457	0.00160787799235155	5.05365170189773	0.285718971255391	19071090.0100342	6.85299374012498	10.7191477054738	0.0488373836009877	19613616.5952974	0.253646035459822	0.001	5	10	5	10.0110234914455	15.1810635744414	0.5	0.435844521101472	0.483565283068835
95300	-0.011618748696707	0.00171245320036916	5.05375093076011	0.258360558141473	19070274.1387405	6.7300428047812	10.6246035428433	0.0539884312306347	19661251.8991088	0.23041887172842	0.003	5	10	5	9.93362052504596	15.013691752906	0.5	0.421317092471492	0.488598219042947
95301	-0.0116226108608127	0.00173395776953759	5.06156829060503	0.265976735991299	19045780.0306224	6.73694354519067	10.6473005276237	0.0585473881255428	19641265.0534281	0.232529194651147	0.005	5	10	5	10.0545191902886	15.2857858526506	0.5	0.419565125311977	0.479709913188614
95302	-0.0240478279919272	-0.00096465783090705	4.42119226293189	0.636151116210591	19989465.1920469	7.01750853196295	10.7777397777904	0.0285762362214905	19677252.1254142	0.51749167578553	1e-04	10	10	5	9.92273430435528	15.0271866868775	0.5	0.464164349968288	0.485580060298322
95303	-0.0211282201909828	-0.000826421843350573	4.42539677523411	0.622793015323508	19953313.5244434	7.07286689197529	10.7321874330114	0.0626172132790575	19685344.336982	0.517784433249855	0.001	10	10	5	9.9078806808954	15.3172953581405	0.5	0.482625560904039	0.454029085384965
95304	-0.0231428096050985	-0.000840419270025823	4.42688955349802	0.624648603512532	19977872.6587413	7.03865043765136	10.7100174342773	0.0531203988640545	19712835.314521	0.511777474485619	0.003	10	10	5	9.90180178540614	15.0013599712539	0.5	0.478399015671108	0.484986844175796
95305	-0.0203373110831657	-0.00115344159508304	4.40009044888544	0.63754320264069	20059581.4498199	7.10927751144706	10.867249721167	0.0361079678958674	19677904.93449	0.540212959111861	0.005	10	10	5	10.0107486488336	15.4266924640792	0.5	0.471398858228701	0.458987134206328
95306	0.00349748061833664	0.00200585878702322	10.8195607002466	0.0285985185104594	18771849.148682	10.8714758483813	21.6449716054763	0.0287195609486629	19487967.5895241	0.0798757044278599	1e-04	1	15	15	14.8915514912094	30.5677808747514	0	0.00901258418385653	-0.0526928233633548
95307	0.00350400621279561	0.00200048780102843	10.8128751703793	0.0254235898272546	18778732.1893114	10.9253957423104	21.6352781006228	0.0235926813057231	19487027.8110552	0.080240455163054	0.001	1	15	15	14.7576757645167	30.5995750136554	0	0.0197259109950031	-0.0734684446197758
95308	0.00371057790627809	0.00198679189746601	10.8086758041935	0.0211544178991424	18794906.1321519	10.9008218461253	21.6256918346839	0.020086399799681	19497330.4325438	0.0795364765361114	0.003	1	15	15	14.9577038777814	30.6130164138733	0	0.0161411552312676	-0.0466387531141559
95309	0.00347203391905393	0.00188554853653786	10.7759621907985	0.0251995911246545	18852012.3925099	10.8811996124525	21.5606304140798	0.0237485124433901	19520830.363599	0.0758241554049589	0.005	1	15	15	14.8607985369623	30.7064433796691	0	0.0185428829551381	-0.0662714256770898
95321	0.00385028020220653	0.00322344127504788	10.7631027091251	0.0266876860750461	18380810.5886749	10.708608255114	21.5251108903249	0.031392454813938	19539896.0569905	0.122587690997232	1e-04	2	15	15	15.1624000606434	30.582520560515	0	-0.010075481101419	-0.0169973380333868
95322	0.00386612157765275	0.00328969895453934	10.7826411847292	0.0199477732417659	18333967.4593646	10.7328180928327	21.5645549510897	0.0244358624481747	19513285.1876814	0.124948724454502	0.001	2	15	15	14.9256232303555	30.471719974731	0	-0.00921647647139001	-0.041571028857146
95323	0.00336900775935932	0.0033079920023377	10.7852799536193	0.0223713724051976	18348892.7542042	10.7081513988268	21.5669685695383	0.0278352775203237	19547121.514311	0.12520895744419	0.003	2	15	15	15.1228261818777	30.3570228226091	0	-0.0140701944036024	-0.00736439455921012
95324	0.00361762836338779	0.00334308493715849	10.7887887243361	0.0191412465075218	18351357.9602007	10.7727048560962	21.5795933290589	0.0219153317078295	19549351.1507627	0.127206135315025	0.005	2	15	15	14.8874965120431	30.6553680394658	0	-0.00317316935005008	-0.0591351954082695
95325	0.00430509464169171	0.00826481283527465	10.7883250467111	0.0111804183461709	16875199.2894721	10.6492998152891	21.5691878827943	0.0237403280844726	19581894.8865815	0.273785794396348	1e-04	5	15	15	15.0367467752291	30.3570844206136	0	-0.0254090181429223	-0.0188598554191639
95326	0.00477591067388839	0.00840564433322856	10.8257347503143	0.0170741661748561	16816929.9029991	10.6383038648288	21.6407536467446	0.0329781677118439	19570077.3952784	0.276735322986251	0.001	5	15	15	15.0219993745037	30.4064283113698	0	-0.0342296969247984	-0.024126586170516
95327	0.00482134585158041	0.00814098211871034	10.7583413536464	0.00841097374975682	16922852.6112314	10.595990022934	21.5076574832034	0.0227685746768853	19602181.74266	0.27017091267022	0.003	5	15	15	14.95648629974	30.5837416838176	0	-0.0297921606807996	-0.0448480392315982
95328	0.00493437927789815	0.00834023111868371	10.8139401704813	0.0102104468516585	16837285.7941602	10.6119988826296	21.6163268648589	0.0271334308850664	19577674.424791	0.274820450615155	0.005	5	15	15	15.0053770619676	30.4217286037297	0	-0.0369703299009851	-0.0273884806824449
95329	0.480315683673287	0.0003032643653882	5.38653247398682	1.30601909369247e-05	19437931.1673475	10.5932794446131	21.6450415549473	0.0146278344965273	19645998.7645868	0.519533037818362	1e-04	10	15	15	14.9203855886873	30.4688013147276	0	-0.0432805221573052	-0.0420920849276962
95330	0.483984616302694	0.000279904277094603	5.36996899993787	3.458669195699e-07	19456226.226024	10.5847123116376	21.5519680949724	0.0162024473447124	19644632.8527267	0.516086066564677	0.001	10	15	15	14.9589290580154	30.3176659853309	0	-0.0361411307586132	-0.0267270382625335
95331	0.477452031035068	0.000440825316819736	5.41863136527095	2.18837356751954e-06	19443464.8303792	10.587648780798	21.6578876094705	0.0229412823495548	19685480.4992474	0.520573802070369	0.003	10	15	15	14.9480739513221	30.4874088138338	0	-0.045580473801675	-0.0395543207181757
95332	0.478123573877939	0.000412914520693084	5.41525870374871	1.81429962940327e-06	19441945.0330625	10.5970270780663	21.6330708309087	0.0226965018049084	19666142.9467407	0.519824624448261	0.005	10	15	15	14.8862536502379	30.109817011051	0	-0.0414282865884881	-0.0226591403384966
95333	0.00304450534998536	0.00185895417554024	10.706527441917	0.0234306004563762	18900412.1675021	10.8470954181956	21.4234860479851	0.0207253033805946	19564374.3179208	0.0751360282170385	1e-04	1	15	14.85	14.778860291789	30.4513427107395	0.01	0.0249564310047464	-0.0604662409359122
95334	0.00323443062942543	0.00192226080474079	10.7325920584858	0.0272905455019349	18849484.1032035	10.9101921299734	21.4783519946621	0.0233791227886748	19529180.8909868	0.0779109209383677	0.001	1	15	14.85	15.1113579563916	30.1426377384135	0.01	0.0313497930384783	0.0052992043865806
95335	0.00341832925109672	0.00189428916912768	10.7223721325606	0.0233056493461171	18852458.6497631	10.7592328437985	21.449470844126	0.0239226329459011	19531826.1325017	0.0755431752296375	0.003	1	15	14.85	15.1303588474541	30.1967667961423	0.01	0.00641261737455268	0.00422666107332037
95336	0.00374795737097664	0.00199048686411348	10.7510894680071	0.0266590436958347	18808773.756924	10.8923706473461	21.5137703018234	0.0240381627429507	19508026.8155535	0.0801602048419722	0.005	1	15	14.85	15.0603071245588	30.4317407997062	0.01	0.024877136634606	-0.0206587122038997
95337	0.00335376918357513	0.00336231603193019	10.7527459949173	0.0213811392610704	18321772.7693519	10.8013819968926	21.5132220633706	0.020923410353687	19518280.0072247	0.128713779346158	1e-04	2	15	14.85	15.0338394049165	30.5122985326742	0.01	0.00828985869033805	-0.0295745957413778
95338	0.00357503516756378	0.00333831961779635	10.743660570824	0.0231828950863434	18342101.6219123	10.7760011140015	21.4937544805132	0.0236619305377435	19530829.8541148	0.127675928011862	0.001	2	15	14.85	14.9382458321603	30.2169296396078	0.01	0.00540532122014337	-0.0227896889040531
95339	0.00380644940058484	0.00332319786334594	10.7383802092732	0.0251618454479321	18329731.4857396	10.6899536541897	21.4761039443378	0.029638202407792	19521801.0240515	0.126103122863449	0.003	2	15	14.85	14.9125447195956	30.2355197690158	0.01	-0.00899878886946315	-0.0275224877807261
95340	0.00336364153686448	0.00334835524554639	10.7441870142811	0.026024061086435	18342556.3970839	10.7582155163115	21.49295047903	0.0272795740351482	19540859.4494857	0.12776201535779	0.005	2	15	14.85	14.8421440205543	30.2667755099403	0.01	0.00218256954951301	-0.0392455071197957
95341	0.00418261211615169	0.0083320913532538	10.7678789411512	0.0115407548700976	16841527.611447	10.6164248093797	21.5271116103319	0.0247877519051104	19569176.2377754	0.275313160037826	1e-04	5	15	14.85	14.9713740285678	30.2451032315237	0.01	-0.0277176165098931	-0.0201955527803366
95342	0.00482096737399462	0.00826832419050299	10.7411244099968	0.0128329034228358	16879505.8237226	10.6580741526271	21.481421167533	0.0220284208665113	19563417.1268968	0.274955605473163	0.001	5	15	14.85	14.925113383873	30.2267995697614	0.01	-0.0155068223313179	-0.0252308168340145
95343	0.00442600496163773	0.00835562913595036	10.7649065291413	0.0123957707954224	16843940.4076395	10.6275875643568	21.5230503337642	0.0248115862686576	19571671.4009807	0.276221235254643	0.003	5	15	14.85	14.9263972481272	30.1625713288873	0.01	-0.0252056455360585	-0.0207536237635486
95344	0.00391456388905547	0.00830065402822999	10.7504816825131	0.021517676147844	16873041.6602814	10.6334041100345	21.4948684665407	0.0323022363122173	19586131.704438	0.275028046678513	0.005	5	15	14.85	15.0859548104377	30.3240086590722	0.01	-0.0214475293247331	-0.010082161859027
95345	0.483146175297207	0.000257992448523308	5.35456637667601	1.84602381090557e-07	19506196.7157478	10.5880825846437	21.4659074388539	0.0197857879229402	19669226.960064	0.517359550907923	1e-04	10	15	14.85	14.9369239446396	30.425890382601	0.01	-0.0273649423538425	-0.0369582449082437
95346	0.480800378514682	0.000236969200345664	5.36275795636353	2.31302040075562e-06	19513688.8296961	10.6068582173994	21.500621219806	0.0144093983181291	19661017.4201909	0.519460223797819	0.001	10	15	14.85	14.8744256709813	30.1005835626021	0.01	-0.0270489884117204	-0.023646776582823
95347	0.481401590047564	0.000305877762189285	5.37405050837182	3.97057322969187e-05	19516241.5820893	10.5870224447871	21.4590603037393	0.0203445427303557	19678379.9602089	0.51742935351979	0.003	10	15	14.85	14.9227095950126	30.0479455599232	0.01	-0.0269212061891335	-0.0135716887478456
95348	0.483062821505082	0.000282678146996129	5.36387742163848	6.01768329527685e-06	19484775.0182513	10.6055977959562	21.4952745361848	0.0242545282111856	19659395.1883956	0.517698014837493	0.005	10	15	14.85	14.967986306227	30.1580180934368	0.01	-0.0267857550076731	-0.0148346929533483
95349	0.00342646939454617	0.0018642497443248	10.5046949912701	0.0328591021366078	18864968.1167367	10.773189635772	21.028694976596	0.0262370105427328	19512790.6353298	0.0767072936197238	1e-04	1	15	14.25	15.2575831169948	29.5734413893337	0.05	0.0480530198065992	0.0617217574654372
95350	0.00327880757161697	0.0019115640902749	10.516354303557	0.0297653370190476	18844543.7956674	10.8076594763393	21.0537448862172	0.0220813023265646	19509184.941814	0.0787771247832558	0.001	1	15	14.25	15.0931477903029	29.5671078498422	0.05	0.0519607476244813	0.0410244264063604
95351	0.00345092460167767	0.00189975973843833	10.51793039777	0.0309287354886346	18855292.3631133	10.77264063333	21.0545093798083	0.0246171690129245	19516679.9613966	0.0779288901909988	0.003	1	15	14.25	15.0083181264459	29.6862060421486	0.05	0.0455572504046294	0.0220164716632008
95352	0.00363260003094715	0.00192968600983595	10.5186215227239	0.0247260704775431	18843689.9677665	10.9408734862054	21.067692083663	0.0125729176561568	19497196.3054334	0.0809772864612531	0.005	1	15	14.25	14.6857152095859	29.5616248322216	0.05	0.0744049266061054	-0.0129509806186117
95353	0.00388115696015172	0.00329014955694657	10.5236341469956	0.0277702589518524	18351265.5732681	10.6585696880447	21.0641493260567	0.0234275769782895	19503408.4316997	0.127530025330432	1e-04	2	15	14.25	14.7779947012082	29.5062117924012	0.05	0.023735834866893	0.0033683602560185
95354	0.00350058673190169	0.00317255639438877	10.4803055971081	0.0284555213768672	18446840.4230204	10.6782308341315	20.98300208326	0.0208883588020713	19558633.8606447	0.124344579023459	0.001	2	15	14.25	14.9253834706908	29.6836947080699	0.05	0.034973919444529	0.0111938318797492
95355	0.00328424649542597	0.00325153229514288	10.5077820127229	0.0305650306276952	18386787.8249778	10.7168910459145	21.0393325001673	0.0220727083459101	19524315.8681497	0.12730253957987	0.003	2	15	14.25	15.0255090788659	29.7555354195153	0.05	0.0368063452331233	0.0196654061213879
95356	0.00322258624124024	0.00328931516721726	10.5226454421758	0.0328283009058524	18377018.8318556	10.7196155140328	21.067977797494	0.024849699879342	19530137.3889605	0.128438146827464	0.005	2	15	14.25	14.9334796153965	29.884696118438	0.05	0.0346330733677529	-0.00118772637736164
95357	0.00319524823901729	0.0081518697346529	10.5258551025731	0.0345947983410926	16943534.8171524	10.6276188926599	21.0713235875875	0.0291683518500261	19554334.205999	0.275555472384808	1e-04	5	15	14.25	14.92191588307	29.6799185992997	0.05	0.0173053060699535	0.0109847266346187
95358	0.00303121449529575	0.00825204704445996	10.53887477059	0.0300819482854261	16927577.6377769	10.6542993669404	21.0985787889953	0.0235474021246308	19562746.2139867	0.278499865336838	0.001	5	15	14.25	15.1270825346242	29.9633161960528	0.05	0.0197122248636242	0.0192270302307057
95359	0.00200019433494256	0.00811245025853627	10.5192154098242	0.0332779706191695	16979202.9302332	10.6246739850979	21.0565119931186	0.0266225115009902	19593628.3549999	0.274420328610685	0.003	5	15	14.25	14.9880273142754	29.6104683060372	0.05	0.0181498253355979	0.0243918905969297
95360	0.00342125779771892	0.00815258470428016	10.5142969489997	0.0290792090866277	16978271.5975933	10.6302479626851	21.0502955358824	0.0227334501503892	19587470.4561381	0.275931441210727	0.005	5	15	14.25	14.9820896973879	29.8681743732092	0.05	0.0197737992778396	0.00640798603570891
95361	0.484692003456047	-0.000112007091888324	5.25903555107603	0.0367155956763552	19764105.2899615	10.5804413377639	20.9974536549348	0.0215780893960655	19664611.8595888	0.515313141844143	1e-04	10	15	14.25	15.0438511068519	29.6850400682182	0.05	0.0154463330380828	0.0267658954230279
95362	0.480990665027826	5.06405652233754e-06	5.28512237745662	0.0197858831586185	19655460.7048775	10.5916039929184	21.1061038706114	0.0184129787593069	19627989.6578254	0.519455318439304	0.001	10	15	14.25	15.0139549430296	29.499024039235	0.05	0.00727973924222913	0.0352262844021481
95363	0.480020394569326	-0.000100742793316544	5.27497941868781	0.0364538961032693	19728489.0897106	10.6035492520279	21.063478619291	0.0228463648908963	19639995.313891	0.519908532848034	0.003	10	15	14.25	14.945193232389	29.5555733457274	0.05	0.0135445105550231	0.0224027293487915
95364	0.482423987659308	-4.25970842134175e-05	5.27041950665835	0.0242750879690097	19711176.2878154	10.5703574407277	21.0569485552876	0.0180386131689144	19665136.5907497	0.517673149728862	0.005	10	15	14.25	14.9482105735601	30.0029079999752	0.05	0.0079246446146698	-0.00712371907868015
95365	0.00324071377472704	0.00178001810206611	10.2253905214469	0.0455429852616087	18899557.6602299	10.5991405907033	20.4773229125257	0.0355492808590042	19511895.8818499	0.0747847952117627	1e-04	1	15	13.5	14.8431070799127	29.0376589114564	0.1	0.0680204458758916	0.0436940355464184
95366	0.00291933168188137	0.00181679979568631	10.2286749418679	0.0286090684395255	18900103.9709541	10.6682404528068	20.4881655172868	0.0159954449717903	19524441.7771138	0.0769712629339987	0.001	1	15	13.5	14.9387056257794	28.8991457946213	0.1	0.0795178353993332	0.0654852891169719
95367	0.00262502709343197	0.00184968073804437	10.2402669748885	0.0372024298772826	18906011.8663258	10.7263797725058	20.51535269194	0.022485173757665	19543277.7905952	0.0788870471175074	0.003	1	15	13.5	24.8975679831493	28.9987175858207	0.1	0.0873926593084455	0.835279108166426
95368	0.00276128827155561	0.00183539073013098	10.2398511680037	0.0361184937206995	18898815.6298808	10.6718412033836	20.5103938302884	0.023539824980436	19533319.3255039	0.0776325793978887	0.005	1	15	13.5	14.9498117706441	28.9681017269338	0.1	0.0780829250171563	0.0623099359808372
95369	0.0027659551325978	0.00319345078251082	10.249063424661	0.0458997466435294	18412512.31079	10.6480135887438	20.5436561196081	0.0266323559946456	19510831.7095561	0.128801705081967	1e-04	2	15	13.5	14.8707032417929	28.9603654956232	0.1	0.0706583487717222	0.0525221285949373
95370	0.00318594228956445	0.00319105905772081	10.23662927822	0.0363372611890335	18415921.9611842	10.6700057677341	20.5227096189052	0.0154664871446885	19502166.0819712	0.129352126810162	0.001	2	15	13.5	14.9159562725212	29.0634670408736	0.1	0.0765980763604183	0.0515183532405804
95371	0.00213061608385696	0.00313717636634081	10.2306987943729	0.0466003646827779	18461115.5558196	10.6413094334177	20.5071398944909	0.0264580262104017	19549739.7688228	0.126975857129862	0.003	2	15	13.5	15.0402122620217	28.9496510681321	0.1	0.0728743936257698	0.0751833442382086
95372	0.00290828738144697	0.00322882959598586	10.2579183177481	0.0404415879669054	18403028.4652302	10.6523476231801	20.5611217361275	0.0212645952622049	19511078.0300769	0.12997615288309	0.005	2	15	13.5	14.9943349498892	28.9554969210078	0.1	0.0698037218213423	0.0689042216426035
95373	0.000882962368953074	0.00805469641270049	10.276451938717	0.0457425771645477	17009232.1598613	10.6034989194325	20.6083290274241	0.0186207217445141	19546898.2317139	0.278972441123776	1e-04	5	15	13.5	14.8612176201109	29.0291884275076	0.1	0.056459553208776	0.0466480493345354
95374	0.00113752056303594	0.0078122213342757	10.2242435675163	0.0496552275578357	17096416.6790808	10.6064252041682	20.5160487697922	0.0175893857239154	19555851.0176314	0.274197942051396	0.001	5	15	13.5	14.9405994569875	28.8008480923613	0.1	0.0656961818078315	0.0723097372849009
95375	0.000535350500238495	0.00790275022514051	10.2350674875973	0.0566569027141801	17094764.9427577	10.6066979153152	20.5353744771467	0.0251746893841568	19590625.3732428	0.276303629952889	0.003	5	15	13.5	15.0414900479699	28.9252280735257	0.1	0.0639238864816442	0.076970567325566
95376	0.000622824011458052	0.00794530875443715	10.246859665232	0.0598729582013508	17076026.363728	10.6243460355997	20.5604777611604	0.0277389168845295	19578867.9989834	0.27767325945547	0.005	5	15	13.5	14.8856793333518	28.9699427605465	0.1	0.0647770985369788	0.0538380471734
95377	0.485210346109315	-0.000165488489457079	5.17943867472659	0.0641860845230159	19947388.1894708	10.5522638876146	20.5326558309098	0.0320342966468045	19671322.4685454	0.51711134821762	1e-04	10	15	13.5	15.0095990249888	28.791464850839	0.1	0.0541942421465235	0.0817965354767042
95378	0.479463823382396	-0.000138182849603442	5.20235032706914	0.0511672764370941	19927420.5892751	10.5775740039335	20.6106718145251	0.0217734244548001	19668398.182	0.522462902874312	0.001	10	15	13.5	15.0312353273153	29.0086841118062	0.1	0.0514745813302201	0.0701064496614874
95379	0.483423445269073	-0.000170534127544505	5.1836741426011	0.0611213813549247	19983106.9146815	10.5651203005297	20.5365950373614	0.0271963636749642	19694855.8400093	0.518869478776178	0.003	10	15	13.5	15.0297915480311	28.931037980082	0.1	0.0561891911129714	0.0750872101168989
95380	0.485310752254759	-0.000226124612369549	5.17102448134909	0.0648497159060481	20046341.8133966	10.5653498712142	20.4848356641933	0.0232786379663717	19717561.9656823	0.51703495908515	0.005	10	15	13.5	15.0081638515758	28.7813879505253	0.1	0.0611304013693657	0.0822845329274997
95381	0.00184047359119042	0.00161509845534982	9.4122568445158	0.0539579294368723	18983269.6737458	10.3428877732847	18.89605969025	0.0229084654667867	19516691.0071811	0.0774216390251614	1e-04	1	15	11.25	14.9574259166796	26.7779613466498	0.25	0.173038313433331	0.209721278526363
95382	0.00239897788223575	0.0014688079034442	9.36695980426767	0.0481582777219788	19061575.9002496	10.5982629205066	18.8285415763629	7.4445359923933e-08	19496742.7181842	0.0776562064868248	0.001	1	15	11.25	15.10968281893	26.6243486201217	0.25	0.22343135685646	0.237928026737552
95383	0.00178438383407781	0.00156359409039183	9.39737149396518	0.0528436342121439	19011248.1379368	12.4339248824191	19.0485309674905	2.81693613647078e-06	19356275.0489576	0.104536207056493	0.003	1	15	11.25	14.917449883991	26.7209640572548	0.25	0.46801945905077	0.20874450626236
95384	0.00141982511116515	0.00158176640274589	9.40128594774844	0.0523130234543807	19022826.3887351	12.2523807366903	19.0575008083991	9.32822572912347e-06	19425555.9846975	0.104912800503445	0.005	1	15	11.25	15.3402843475217	26.4019764953734	0.25	0.444587936177125	0.278912183290868
95385	0.000218647173117358	0.00268868362176435	9.39375969355233	0.0907756088988392	18618558.3793975	10.5110627365784	18.9352093538501	0.0242584526423268	19497769.5337567	0.13015872377135	1e-04	2	15	11.25	15.1057988597163	26.546464211926	0.25	0.198544730595533	0.242630895694015
95386	0.000799014162717206	0.00257368496551425	9.35713031466149	0.0731130424504491	18691361.0223954	10.4558775266988	18.8520765823819	0.0112557597269925	19529593.5114681	0.124526569127006	0.001	2	15	11.25	14.8891324842972	26.6183060445983	0.25	0.196987624018775	0.212232574821182
95387	0.000110163483129236	0.00273387933205287	9.39756081721065	0.0812667212223581	18632795.885568	10.512015530028	18.9428925980561	0.0141956851882264	19527699.2509266	0.131850619027551	0.003	2	15	11.25	14.7442107299728	26.6219815576852	0.25	0.197977110674451	0.194411213645594
95388	-1.28342017589825e-05	0.00267594074238272	9.38713823887266	0.0976728160114134	18645110.9309059	10.5399645000015	18.928367430391	0.0281297693637438	19520448.1080422	0.130919760792021	0.005	2	15	11.25	14.9661558182407	26.6246824271122	0.25	0.204133663790964	0.221007267967762
95389	-0.00598831841712429	0.00612860030083219	9.25257278837348	0.186312281102253	17714529.6029773	10.5244078375406	18.8798823813073	0.0144674874584678	19571255.0875844	0.274463630486174	1e-04	5	15	11.25	14.9251501524189	26.5639256986419	0.25	0.206086017118921	0.22019038821283
95390	-0.00689868446197489	0.00637403192999075	9.30260365599936	0.180839751425141	17631830.0346214	10.5132044430439	18.9571434540778	0.0183482396490448	19575266.8127955	0.277650056138841	0.001	5	15	11.25	14.8414192899013	26.7382750430736	0.25	0.196825377383309	0.198401748458963
95391	-0.00819665239808096	0.00608705361618395	9.25452688925458	0.207136254163555	17727686.7669096	10.566081854386	18.9045696410159	0.022416173820919	19585103.6723681	0.276391422768222	0.003	5	15	11.25	14.8745124358095	26.8395050937189	0.25	0.210824986826259	0.195604379669992
95392	-0.00709925825370277	0.00619351058310422	9.27104893279367	0.190507784526118	17690543.1802597	10.5466189597182	18.9201618217553	0.0154703296700237	19572457.2796503	0.276719803884887	0.005	5	15	11.25	14.9944343922665	26.6809619609385	0.25	0.206044809808808	0.220608976441324
95393	-0.111158240038567	-0.00405932309815138	7.41617033844133	2.79065891033189	20806749.9472767	10.5485296209254	18.9619177333186	0.0291984959732016	19658634.8387795	0.520722555877742	1e-04	10	15	11.25	15.0382162133838	26.6569302458497	0.25	0.202411291929888	0.22738748614843
95394	-0.108163778587609	-0.00388651300171285	7.41216182488519	2.72015688340809	20763680.6938018	10.5441612393531	18.8872661100675	0.0227737088541733	19647634.63996	0.518195225853175	0.001	10	15	11.25	14.9545152952709	26.6902479277845	0.25	0.208746463438351	0.215238180522988
95395	-0.12109618575923	-0.00411039672895363	7.44811906021201	2.82013212535474	20744010.1592747	10.5781237573132	18.9884268912089	0.0267773771663072	19670211.4593732	0.52190419674462	0.003	10	15	11.25	14.9091743118014	26.74827936126	0.25	0.204934322300661	0.205918127867932
95396	-0.112429633680459	-0.00395536987018591	7.42056031932172	2.74987534557077	20779979.5299236	10.5539839567178	18.9074019730945	0.0295040568207955	19684450.2282814	0.519348708981284	0.005	10	15	11.25	14.953264943918	26.3968979982962	0.25	0.208505712095611	0.234706728109388
95397	0.00107738847316324	0.00108275909665636	8.02203589757265	0.0674679819796877	19169828.2465011	12.1993729280966	16.5108815665288	1.80007597822862e-05	19410793.8328347	0.160781255562911	1e-04	1	15	7.5	22.5811245807881	23.1971867222491	0.5	0.646579487007707	0.972717827260687
95398	0.00123025369454165	0.00111413351425663	8.02953587397915	0.0744369941838356	19159392.9026866	9.63448645348218	16.1868378319731	0.0235639702853198	19495672.106301	0.0734317308934878	0.001	1	15	7.5	14.883996858398	23.0007233773789	0.5	0.319906524325154	0.454667546882664
95399	0.00142601386408621	0.00102663670992872	8.0130914610095	0.0731840955920904	19201241.6282745	9.37578395739656	16.1199649441846	0.0367261603040901	19523165.1624208	0.0620955684526265	0.003	1	15	7.5	14.83839349127	23.0822099523759	0.5	0.2806808457369	0.444426617614902
95400	0.00115546212972881	0.00108441418652619	8.02185299899054	0.0680386151017696	19183415.6977244	12.2328929363731	16.5061153020319	1.59271188897252e-05	19412260.1869541	0.161009990651397	0.005	1	15	7.5	15.1116448733584	22.7778253635767	0.5	0.650677694320951	0.492697151470674
95401	-0.00135639363161013	0.00150786532151333	7.96193989741071	0.133662783089132	19020843.6598963	9.90376622304482	16.1741927203758	0.0345423633483685	19488729.360617	0.115937830901683	1e-04	2	15	7.5	15.0064981438009	22.8576329449429	0.5	0.366864447714801	0.476817660862121
95402	-0.00216492025611376	0.00143774859711184	7.94270241051548	0.1353442623298	19079647.5871259	9.93032544530491	16.1345431396546	0.0361583183491399	19536282.3694688	0.113782137748903	0.001	2	15	7.5	14.839770236068	22.7283924127902	0.5	0.375225139546351	0.46841345578593
95403	-0.00152740053006481	0.00139367118054825	7.93578194456647	0.133751808264886	19091233.6721253	10.2305409232926	16.1899833230755	0.00918885945037243	19488018.3543147	0.128631685122833	0.003	2	15	7.5	15.036987264762	22.7113650085414	0.5	0.417485112032091	0.489633288327396
95404	-0.00224896274013028	0.00143954881053953	7.94236591565933	0.13159614363211	19096278.9377643	9.85774785606524	16.117314591209	0.0380711768774418	19560659.8544817	0.110062651679032	0.005	2	15	7.5	14.9236558061103	22.8669717168252	0.5	0.365010464201273	0.467736591227023
95405	-0.0192772164884441	0.00179606375743541	7.62605499066897	0.427373324483245	19005518.8450963	10.3523996508789	16.1875128283542	0.025092022742166	19587076.5296538	0.270254831907122	1e-04	5	15	7.5	15.0399110859478	22.8387407663547	0.5	0.436351631094544	0.481457726987923
95406	-0.0159168526580899	0.00179463716159887	7.61475845325462	0.401213651423812	18979400.4793265	10.3120569162919	16.0849159565448	0.0452079526877052	19551647.0476506	0.255287974265197	0.001	5	15	7.5	14.8779791839981	22.8044423740152	0.5	0.440183555316454	0.467235227849872
95407	-0.0172214715752825	0.001745221000793	7.60845305582674	0.399540330003352	19025174.7224328	10.3627314882539	16.1046107681139	0.0303025995014785	19587020.2473563	0.260814042203977	0.003	5	15	7.5	14.9812950404068	22.7060342267678	0.5	0.445910637907738	0.484374403846515
95408	-0.0163107859739404	0.00180110680726044	7.61845144623291	0.397254249942805	18990238.0743501	10.3116403801134	16.0894366577651	0.0409207090277454	19568181.7491581	0.25506255430399	0.005	5	15	7.5	14.9515202644505	22.7083297566451	0.5	0.439682139342784	0.481202623211662
95409	-0.0273407858911439	-0.000810520859926264	6.65090971208398	0.948825457752155	19936481.3169206	10.5465638458371	16.1481382861658	0.0453152936197945	19670347.106105	0.517770838752633	1e-04	10	15	7.5	15.1118148016762	22.6669367530453	0.5	0.468872087420233	0.500051975853285
95410	-0.0272572425023903	-0.000833014251754618	6.65327241645062	0.954490214407387	19940974.9950422	10.5595659154811	16.1753012459988	0.0460346863581562	19667083.9395927	0.519493607128202	0.001	10	15	7.5	14.8842528975953	22.7072684710284	0.5	0.468185020533409	0.474409926567629
95411	-0.0270016359547878	-0.000818555850578541	6.65134755346624	0.960058146651084	19935650.1256135	10.5285113501485	16.1308452077378	0.0532986085145482	19660876.5970893	0.515107194198247	0.003	10	15	7.5	14.9159668614609	22.7796169529263	0.5	0.467889270261339	0.472803193751852
95412	-0.0302895253498149	-0.000800715181270503	6.66645923851116	0.971350270033736	19945891.7499059	10.5189850140531	16.1498008086327	0.0494405205095569	19699048.4966742	0.513607819110549	0.005	10	15	7.5	15.0948987430628	23.0623566564655	0.5	0.464699703720751	0.47217546476989
95413	0.00383348557596785	0.00187689026296477	17.9653159654153	0.0409434117712909	18842876.8727272	28.7543487874282	36.3718924517302	8.22171125071446e-05	18542716.3289734	0.0972251594853875	1e-04	1	25	25	25.185979386432	51.0696532809446	0	0.735082031569691	-0.027701702497877
95414	0.00429332032413395	0.0019546250583931	18.0001922194371	0.0351652625658613	18800428.3226485	18.459229279447	36.0121843108493	0.0279371849959412	19456652.070444	0.0789789269169028	0.001	1	25	25	24.8833857551585	50.9957187568959	0	0.0490959960638103	-0.0493882648716375
95415	0.00351910147704824	0.00197331653762407	18.0109726412765	0.0343709016877652	18808164.709807	22.9892433847248	36.2336844158357	2.32875450956068e-06	19082168.4058254	0.080537289740007	0.003	1	25	25	24.8502727306534	50.9193626337228	0	0.423885301074712	-0.0490464304205627
95416	0.00337443329560817	0.00191229603715289	17.9840234020384	0.0353723409183492	18846158.8996289	18.4393162747394	35.9793842517539	0.0282113764040376	19504240.623746	0.0772962570684968	0.005	1	25	25	25.0952107363083	50.653542608642	0	0.0487679849039094	-0.0184545625415031
95417	0.00381634563951023	0.00332980995414582	17.9966374751398	0.0381878782231399	18333261.0029533	18.0745206326716	35.9971104484198	0.0369427521635767	19505396.8034802	0.127397232791498	1e-04	2	25	25	24.8450392900819	50.7302466142839	0	0.00840580063012974	-0.0418662261699596
95418	0.00374828695442946	0.0033247425406245	17.997721345395	0.0340369208094112	18320950.8449218	18.0791817772626	35.9992683866064	0.0326877417531457	19491154.1369611	0.12722631597028	0.001	2	25	25	24.8358327462464	51.473413142748	0	0.00879990974585398	-0.0725462950513511
95419	0.00342737036304965	0.00334701186743404	18.0059632022876	0.0415956058847565	18336906.2200807	18.0933904377329	36.0158384587998	0.0400342918239922	19520753.1365728	0.127989600102833	0.003	2	25	25	25.0698385384999	51.2850009008892	0	0.0094477824515139	-0.0456853290909918
95420	0.00333358425862442	0.0033297167220974	17.9961759630677	0.0329945779694013	18348980.3928734	18.0588601498654	35.9954933347784	0.0320542484830946	19531214.1306011	0.127285233389366	0.005	2	25	25	24.9443525206153	50.9138764400013	0	0.00676825469260345	-0.0410983367046087
95421	0.00415736240674198	0.00824637239073715	17.9878775155714	0.0212901540359294	16884783.5323587	17.7747443781065	35.9967565817031	0.0313370246884458	19577403.0315032	0.274968692919151	1e-04	5	25	25	24.961887189675	50.9143047791263	0	-0.0251631087331421	-0.0396817112524253
95422	0.00478294473500319	0.00823133633655098	17.9914821794239	0.0224990015381561	16850481.8327868	17.7871061041899	36.0038453546413	0.0324352618836512	19523861.399207	0.274717790441964	0.001	5	25	25	25.0443155737194	50.8604267205817	0	-0.0241541903300559	-0.0308171956574768
95423	0.00424176732805774	0.0082343731559271	17.9912538340756	0.0213178395781943	16881831.1011916	17.7926350564223	36.0022464957767	0.0309031134316073	19566327.1869047	0.274727161649734	0.003	5	25	25	24.8693504592523	51.0846778048326	0	-0.0234353361157484	-0.0541219155897676
95424	0.00438900212252767	0.00824012125962006	17.9960140254402	0.0283541710369329	16876031.1100401	17.778412767808	36.0133051293225	0.0387630269216803	19563878.7465123	0.274812807147692	0.005	5	25	25	25.0170710267316	51.0722387772945	0	-0.0256760600436199	-0.0414955340983787
95425	0.480992819304955	0.00015599366684664	8.94438930711488	2.53331495735523e-05	19454842.1688643	17.6771442093667	36.086018031752	0.0289072221770593	19623669.5203137	0.518541881065278	1e-04	10	25	25	24.8362998749993	51.3622229078506	0	-0.0413941078011275	-0.0680303896456336
95426	0.481212042769405	0.000116563055557796	8.92199000557073	1.34720792136758e-05	19486962.3550174	17.6551371561586	35.9763438600729	0.0236926213177544	19639378.4445291	0.518010656331589	0.001	10	25	25	24.8267761168352	50.8054162809289	0	-0.0377266708190573	-0.0463960379647284
95427	0.478292541860417	0.00014609014826656	8.94500739361697	0.00710129197806189	19451598.2459309	17.6643323296421	36.1230742332652	0.0370368978795383	19634779.9177354	0.521096006145202	0.003	10	25	25	25.0464835415263	50.7727644834945	0	-0.0449725219813668	-0.0271414308246032
95428	0.478602253489764	0.000175367926255884	8.95273245398165	8.18512521549561e-05	19423885.8119514	17.6668668898933	36.1636758812978	0.0328374537330457	19618206.42149	0.520928501665097	0.005	10	25	25	24.9691400844398	51.3901914754415	0	-0.0469773223901961	-0.0581482302414849
95429	0.00338352061988977	0.00197055709800565	17.9365367442108	0.0448522498570954	18815931.8263729	18.4984567867097	35.8879461327714	0.035368389286326	19488069.865017	0.0799119526773909	1e-04	1	25	24.75	24.3399736069037	50.7839000918021	0.01	0.0599491867583648	-0.0864402284067367
95430	0.00368820994114935	0.00201252676317906	17.9463891818245	0.0400534585306295	18783973.1531448	18.5065620475574	35.9075737852115	0.0305177104629183	19465294.4611055	0.0815171563613057	0.001	1	25	24.75	25.1021664143478	50.96606380892	0.01	0.0597382867256654	-0.0303452286807011
95431	0.00395408413344846	0.00192724786241313	17.9023813863122	0.0430375965139201	18824594.8390632	18.4411290723873	35.8189747239843	0.0342651799485203	19472716.0357792	0.0782210218395958	0.003	1	25	24.75	25.0161346687554	50.6650303715308	0.01	0.0576582603275851	-0.0252941168729117
95432	0.00353932689583561	0.00194028283966697	17.912924972301	0.0378124461569429	18823273.4854472	18.4373474498036	35.839330716486	0.0292442356998537	19484031.3214238	0.0786269344659218	0.005	1	25	24.75	25.4570881196107	50.8490803045804	0.01	0.0561558101532781	0.00255708486120432
95433	0.00373436663914512	0.00334649794889279	17.9145450736724	0.039701127491102	18327375.0464509	18.0893564632379	35.8355220597556	0.0358531855231682	19496853.797719	0.128360820916167	1e-04	2	25	24.75	24.976560430605	50.8066737688743	0.01	0.0189719776608775	-0.0341741574079348
95434	0.00388651272379033	0.00333800058188029	17.92430420482	0.0404956602043703	18317542.8925271	18.0947885595942	35.8550186428247	0.0367984716435346	19481392.8282016	0.128064283010388	0.001	2	25	24.75	25.1137078488101	50.4615097095531	0.01	0.0184892172274822	-0.00932136398743633
95435	0.00437741859569365	0.00331716379107528	17.9087471918744	0.0384533498567258	18322258.400183	18.0453946456006	35.823232148436	0.0357685183837615	19474465.280839	0.127252198631661	0.003	2	25	24.75	24.7498700484649	50.7926430652644	0.01	0.0148268933996646	-0.052238778054303
95436	0.00377236830265484	0.00334868193559825	17.9284814428768	0.0306325259319629	18314993.006369	18.1145574635872	35.8635403966902	0.0265203178071057	19482749.7663918	0.128478996162092	0.005	2	25	24.75	25.0402959604044	50.8573610850254	0.01	0.020181256496001	-0.031020766106155
95437	0.00356514117727406	0.00830131696182232	17.9507531771273	0.0272299065062498	16856258.4378348	17.7964971419927	35.916827310008	0.0349640940496161	19555560.9194772	0.276563368035471	1e-04	5	25	24.75	25.0484561945333	50.7266039628887	0.01	-0.0181964475053065	-0.025138937463121
95438	0.00382216257281274	0.00831750579172437	17.9620369424122	0.0243774277011866	16844296.7837388	17.7901391080592	35.9415102962232	0.032836614036469	19547352.3340502	0.27695978864951	0.001	5	25	24.75	24.9612335166877	50.8524519201158	0.01	-0.0203051858060601	-0.0372571686458789
95439	0.00431820573553148	0.00817012015077941	17.8809386079364	0.0220394859817621	16902507.4481196	17.7874437980855	35.7730940457962	0.0274251901625671	19546884.3497737	0.273521492401793	0.003	5	25	24.75	24.9846931410713	50.3898644290941	0.01	-0.011143054160853	-0.0168294301065595
95440	0.00333373082999859	0.00824951116594943	17.9204763936535	0.026966441959954	16889365.581936	17.7918007761475	35.8540253652052	0.0335362065524092	19575186.2090821	0.275272953222872	0.005	5	25	24.75	25.0481720202063	51.0539212685365	0.01	-0.0151993503250523	-0.0382294255784981
95441	0.481755341480782	0.000113285634689929	8.89944870156508	0.00207692201029574	19506028.5001355	17.6547441394457	35.8027645348306	0.0235630578054255	19625654.6266499	0.51804439874071	1e-04	10	25	24.75	24.9911220459776	50.5273955807896	0.01	-0.0279401531986567	-0.0218138060320563
95442	0.480510529328529	0.00014147750971944	8.9202431564867	0.00441680320509992	19461690.268867	17.6820917260045	35.9027123678951	0.0294786101838191	19596312.7256744	0.519410913271993	0.001	10	25	24.75	24.834661878001	50.6554670495447	0.01	-0.0304561770310297	-0.0397083438617798
95443	0.48134131452997	0.000117067874653682	8.90474985960213	0.00117729726964006	19506405.9396824	17.6559965228673	35.8402510622334	0.0237554050764731	19633688.9322868	0.518410797016527	0.003	10	25	24.75	24.7431548268593	51.0035486674806	0.01	-0.0299194676332553	-0.0613195457240159
95444	0.480100245289188	0.000116282367603219	8.90890252105741	0.00272385125194077	19508726.8186109	17.6594127066844	35.8679021429266	0.0255596463976622	19639569.9915432	0.519601052812397	0.005	10	25	24.75	24.9550170815183	50.9740245665897	0.01	-0.0310925815415124	-0.042636332408728
95445	0.00363029018654414	0.00186636911492975	17.5152033174608	0.0411230038740632	18875407.8095393	18.2328422556138	35.0498059563713	0.0288176403066248	19497676.3174376	0.0766575404280555	1e-04	1	25	23.75	24.9191980022674	49.4967444582425	0.05	0.0776553943157358	0.0137103748788869
95446	0.0036329613168243	0.00197604230617291	17.5634281401103	0.0437919628275083	18823640.6871132	18.6572554882368	35.1502824987416	2.78327011620099e-08	19380657.0798512	0.0838249272549523	0.001	1	25	23.75	25.0381088269321	49.5360547844914	0.05	0.115999294703153	0.0215736289472381
95447	0.00386218384883087	0.0019300200752862	17.5368007550162	0.0448232859905367	18838530.1333365	25.9201115157033	35.4834921058008	2.25231787550807e-06	18792124.0830141	0.0942495201126212	0.003	1	25	23.75	24.965514921558	49.81542486914	0.05	0.631044002866127	0.00463058640445557
95448	0.00306349034378469	0.00188184646140986	17.5182399193336	0.031751645977661	18892427.7209546	18.2605873586281	35.0561877363387	0.0189703733106552	19529499.4474927	0.0772889350599686	0.005	1	25	23.75	24.7993146482668	49.5908714462647	0.05	0.0802267173637926	0.000312825188072074
95449	0.00404582497559378	0.00337577047610731	17.5881328692611	0.0422532823686755	18303787.8355718	18.0076610301151	35.1911452690148	0.031161223599999	19452642.0041674	0.130654297174198	1e-04	2	25	23.75	24.8814621445513	49.8951553081319	0.05	0.0457681200149808	-0.00531443925043829
95450	0.00366122585121496	0.00326496938984265	17.5228538677813	0.0382012861941808	18399194.0329466	18.0222648815199	35.0628681407345	0.0250029710480521	19513708.4473744	0.127185554906817	0.001	2	25	23.75	25.0441862936434	49.4757595018224	0.05	0.0544693815543625	0.0244612892701523
95451	0.00361496217556881	0.00325135639671941	17.5106951991423	0.0389901908551967	18402038.1656082	17.9732765298988	35.0374272039533	0.026884743647715	19515960.8408643	0.12650050577126	0.003	2	25	23.75	24.8037247452741	49.6836854155967	0.05	0.0505820880423198	-0.00307356761258304
95452	0.00350250411871245	0.00330192575422564	17.5501650433672	0.0482859537037764	18367157.5501208	18.0236343230448	35.1171187003992	0.0355680762655655	19497442.9599942	0.128339277918912	0.005	2	25	23.75	25.0899331627851	49.5988899465596	0.05	0.0516072357560604	0.0231557563442353
95453	0.00265745249446913	0.00819806828713177	17.5629736440736	0.038598752444297	16937629.5685028	17.7306172945175	35.1193578553258	0.0312483476980601	19557932.4317136	0.27562747255089	1e-04	5	25	23.75	24.9232159936383	49.773158425626	0.05	0.0192817163683811	0.00293997217972608
95454	0.00250335395144815	0.00827378135162901	17.6037263360733	0.0429989362300994	16897221.6930833	17.7529056517962	35.2013900825586	0.0364538686057002	19539630.7283287	0.277474089796593	0.001	5	25	23.75	25.0507542524254	49.6207523267988	0.05	0.0171476842723488	0.019191285548037
95455	0.00283645570929248	0.0081119023124937	17.5262092243141	0.0349475660506138	16980234.7163136	17.7627587919415	35.0429761726171	0.0240071748379747	19563602.0099208	0.273894003993676	0.003	5	25	23.75	24.9380599683282	49.5460254795008	0.05	0.0271659046276537	0.0132365732368448
95456	0.00164077528964709	0.00817043941723652	17.5577679869754	0.039295256062584	16975453.4011658	17.7375229177338	35.1075429405192	0.0310541008197814	19602782.7719406	0.274800573435572	0.005	5	25	23.75	24.9334414634708	49.6752242461608	0.05	0.0207189525083555	0.00768681214992284
95457	0.481964631259858	4.35181416307836e-05	8.80310155462548	0.0275512744782457	19675122.7105802	17.6451044662645	35.1311210172764	0.027408996831057	19654946.1418693	0.518717942150106	1e-04	10	25	23.75	24.8956100958257	49.8462137424817	0.05	0.00901598035629414	-0.00220896578226548
95458	0.483179546370237	1.46460822699493e-05	8.79185484172355	0.025655792154422	19659736.7542249	17.6521415244148	35.0465827271998	0.0199532921696476	19613051.4333434	0.517490271243384	0.001	10	25	23.75	24.9678807357031	49.6934997258916	0.05	0.0145988134795644	0.00970293586704696
95459	0.481642496310767	-1.69586054096494e-05	8.79165723282268	0.0344406449043084	19694571.7554581	17.6467941672926	35.0635378494089	0.026565717981889	19645227.7738133	0.518721296238154	0.003	10	25	23.75	24.8803100193611	49.4126511392747	0.05	0.0130363896691608	0.0139857139712778
95460	0.481300768517612	2.9089388721456e-05	8.80365422017757	0.0245828296347311	19677212.3818366	17.649483617097	35.1320946927688	0.0228589347398462	19651930.2782973	0.519282993234477	0.005	10	25	23.75	24.7669443434948	49.5500030088814	0.05	0.00945481154267602	-0.000650638272865045
95461	0.00357813077136738	0.00186014072364193	17.0638327306997	0.0504631642397438	18888590.3432938	28.1423758764026	34.8051677769921	2.56923250274651e-05	18688110.1234606	0.148069340147744	1e-04	1	25	22.5	25.1622739989479	48.6181973054757	0.1	0.763247000542827	0.0678138507072711
95462	0.00310477841491843	0.00186140062631098	17.0740423727277	0.0430066396316069	18901779.0495396	28.4122603558557	34.7442392254602	6.42043140932666e-07	18629693.5874861	0.134870630476242	0.001	1	25	22.5	25.0537245555381	48.2929472167235	0.1	0.777139207148667	0.0724244369467058
95463	0.00318631587914947	0.00196001891286762	17.1315669469852	0.048387017611543	18830102.1103348	18.521691355977	34.3025461976121	5.60188596273636e-08	19385185.4751051	0.0851132435828635	0.003	1	25	22.5	24.7887651162102	48.3950002828665	0.1	0.147979817915356	0.0477042702212144
95464	0.00365282769700309	0.00194703808750328	17.1093466431775	0.0557844921133459	18852705.2838991	18.2060539597619	34.2541118667666	0.0336709036922075	19479924.579563	0.0819008209571598	0.005	1	25	22.5	24.9099293870416	48.2736897383625	0.1	0.118531783852047	0.0620703901523316
95465	0.00333248780787924	0.00319547751316664	17.0589284934914	0.0514148230945126	18449389.6089593	17.9283014792263	34.1529403599148	0.0251671277057966	19510710.9131328	0.127411348987594	1e-04	2	25	22.5	25.0423532078347	48.3871919295986	0.1	0.0950264363030624	0.0677857416985765
95466	0.00335071138233345	0.00321694880305623	17.0814536063907	0.0596303825679735	18416589.8749097	17.9311117863438	34.1982520147003	0.0336878788414114	19484414.2475454	0.128049843782335	0.001	2	25	22.5	24.9486172647416	48.305915082531	0.1	0.0927980137436075	0.0637838734734656
95467	0.00325682819367012	0.0031835461695215	17.0582872603112	0.0504602437252569	18446086.8978079	17.9141994128739	34.1508500774832	0.0247915277649123	19505686.8498452	0.126870232998428	0.003	2	25	22.5	24.8412734256079	48.1587764303818	0.1	0.0936435231964116	0.0613402700709861
95468	0.00286810310674571	0.00326155126128453	17.0967606770965	0.0512880336101122	18422849.3724879	17.9372079573923	34.2274202874768	0.0256852404798381	19515470.8326453	0.129476034483868	0.005	2	25	22.5	25.0523613886927	48.6412349142356	0.1	0.091820066490841	0.0584171623761717
95469	0.000438515685884656	0.00800286282650634	17.0974967661138	0.0601142181937348	17057991.2655678	17.7302021838539	34.1779255804591	0.0236440224180467	19558947.629901	0.274722985906143	1e-04	5	25	22.5	24.8831026553121	48.5550183292819	0.1	0.0723330040994453	0.0486750787520356
95470	0.000819946678146742	0.00807522611193285	17.1272132412576	0.057455334094174	17007798.3345069	17.746530149357	34.2363615239489	0.0220170233687214	19521185.8887821	0.276549349804537	0.001	5	25	22.5	24.9685357342852	48.433621562297	0.1	0.0708137739709434	0.0602137795453084
95471	0.000290501117672986	0.00807814142924959	17.1120098460666	0.064462520456985	17048616.7207538	17.7216201855022	34.2063337810214	0.0293019928930924	19577006.3044084	0.27647355499956	0.003	5	25	22.5	24.936214569487	48.2894908317075	0.1	0.0697964732928255	0.0634794949672695
95472	0.000365182690839675	0.00796167668631	17.0824515483255	0.059764913308075	17080216.2231108	17.70129778663	34.149658943195	0.0243372827449762	19576583.9134562	0.273432846190017	0.005	5	25	22.5	24.8806098854206	48.170934418805	0.1	0.0707821903889645	0.0639166547508174
95473	0.482450223456718	-0.000123851718123619	8.67617970263225	0.0728387995159545	19891029.3427794	17.6699788991741	34.2067547791902	0.0218473329808022	19624365.2053101	0.519005689435172	1e-04	10	25	22.5	24.7822902539247	48.5095748540857	0.1	0.0641315434287796	0.042570950584223
95474	0.480576722485485	-0.000122189790334196	8.68207078072766	0.0639601729322238	19877225.5479872	17.6516013590435	34.2740859248936	0.0179612130837272	19634868.2302277	0.520640869363854	0.001	10	25	22.5	24.9471766352516	48.5759931654137	0.1	0.0583016108431518	0.0528460644811644
95475	0.481872950114013	-0.000120303964998334	8.67882080538544	0.0758558662863794	19874194.6223268	17.6554309529678	34.2483485461906	0.0281385415443608	19623281.3188306	0.519456829822042	0.003	10	25	22.5	25.0179038866088	48.3727976084935	0.1	0.0601805394937924	0.0664728017287751
95476	0.479940176209312	-0.000104596287878434	8.69215966880245	0.068895647442366	19843993.8696779	17.6587411590191	34.3252982396493	0.025640202760713	19612574.0969095	0.521319475125613	0.005	10	25	22.5	24.8858820592958	48.3792533562046	0.1	0.056186568988931	0.0559558531648205
95477	0.00307290652561715	0.0017264951132036	15.7100891939478	0.0729017346643839	18972546.6216377	25.2098698672609	32.1070742383083	3.83320902409097e-06	18883177.3007917	0.1504041019759	1e-04	1	25	18.75	25.151732694025	44.4661184647623	0.25	0.726408569049992	0.23208527994075
95478	0.00265877634388691	0.00169558253540072	15.7043761194067	0.067187688500304	18992836.2456251	17.71666197713	31.4942989509088	0.0196537180376859	19496487.1231722	0.0798893618975151	0.001	1	25	18.75	25.2699818007895	44.6787105208244	0.25	0.222334489896347	0.231945283022383
95479	0.0024137715503466	0.00176330318531976	15.7255135250756	0.0659798006821979	18982494.1188583	25.5420222063709	32.0976982771303	1.28964147899078e-05	18836353.4263012	0.147395640651141	0.003	1	25	18.75	24.8749814026088	44.2313864109325	0.25	0.743337625431857	0.221852483222614
95480	0.00250958391116397	0.00173135467827308	15.7184010511386	0.0717183844390535	18986984.1916032	25.132893896484	32.120115007088	5.6570276237443e-05	18925181.2474705	0.148943932989989	0.005	1	25	18.75	24.6811044535679	44.5425806311955	0.25	0.721988994208841	0.195276037383472
95481	0.00244250580518004	0.0028462139481338	15.6780396989687	0.101937111539127	18612004.4382255	17.6682254591012	31.4884278467999	0.0229052839479245	19464706.6434103	0.12899214139207	1e-04	2	25	18.75	24.7580762302422	44.5073300168675	0.25	0.217793410000908	0.202310647929042
95482	0.00153949078593558	0.00292359430619004	15.7158779032132	0.105166037787654	18602531.6175724	17.7265744045907	31.5681975468228	0.0228298136837969	19489307.3680521	0.132198504113107	0.001	2	25	18.75	25.0819018049672	44.5178942584132	0.25	0.219159730114156	0.225098933702192
95483	0.0014687773272048	0.0029367221880569	15.7178004663634	0.0991398230734965	18597521.9507455	17.6796474044798	31.5655427210386	0.0196639304530302	19496877.6689881	0.132059423388458	0.003	2	25	18.75	24.9348393836922	44.7236973240188	0.25	0.214583017473511	0.206377164263234
95484	0.00174085556002864	0.0028841580390568	15.6908392479839	0.101566403230792	18627656.3545481	17.6481612681844	31.5114479527194	0.023398577442082	19507358.3974722	0.12993409062631	0.005	2	25	18.75	25.0735059809191	44.3752039167543	0.25	0.21446282851419	0.230195491985694
95485	-0.00704750064835125	0.00703375795969582	15.6751954251499	0.2016783739589	17490367.0651395	17.6108323918315	31.5287386296058	0.0265023283248541	19554205.6668265	0.27633029998201	1e-04	5	25	18.75	24.9780704218417	44.597143313577	0.25	0.209696286461173	0.21454809917664
95486	-0.00695597633845204	0.00695029221410214	15.6370308837176	0.205337747335236	17534522.9414652	17.6385040598289	31.4667607332978	0.0206745963461615	19560464.0251459	0.275980829415138	0.001	5	25	18.75	25.0569807669891	44.455073174424	0.25	0.21601873795169	0.225840791122345
95487	-0.00743467195802058	0.00706849658568061	15.6696464183449	0.204696512019325	17493961.7888959	17.6519453436597	31.5225172720372	0.0209723947755339	19556922.164869	0.278841986046598	0.003	5	25	18.75	24.8446767891313	44.5081813016443	0.25	0.214218509159412	0.208542551009755
95488	-0.00740639111269494	0.00710422852738116	15.6870157294223	0.196937857238324	17486925.5167268	17.6271177420347	31.547121679433	0.0196833468111277	19568426.5325641	0.278379584502468	0.005	5	25	18.75	24.8199713591132	44.7713941056822	0.25	0.210307428525095	0.196154481490028
95489	0.474336265629775	-0.00100259867616239	8.29644621773092	0.358320344106463	20835378.713797	17.6307709416735	31.6557004222464	0.0225121805150181	19604041.8663452	0.524530087861168	1e-04	10	25	18.75	24.8485214521851	44.4727190040023	0.25	0.204519783793319	0.210246871646703
95490	0.480537096847453	-0.00104366144238641	8.25040020391686	0.369144344509847	20905406.3572871	17.6079468786709	31.5487721776387	0.0217748903493657	19637618.4930594	0.520110840700861	0.001	10	25	18.75	24.9231413959129	44.278020395273	0.25	0.208265143288523	0.223417357711814
95491	0.479120791551609	-0.00103724484369564	8.26160459457415	0.368624905828064	20906458.0082552	17.6197397522363	31.568352939402	0.0215012556567539	19639674.1438439	0.521140568923345	0.003	10	25	18.75	24.7739746207072	44.5317523181233	0.25	0.208353052695041	0.202478488013721
95492	0.476418055459601	-0.000991213313985276	8.28523826230321	0.353950106739314	20855188.4304752	17.6206187916025	31.6410642142866	0.0200564603058518	19627293.2234152	0.523120050021484	0.005	10	25	18.75	24.9245076252993	44.5426935785503	0.25	0.204315944377285	0.21289574710243
95493	0.00167953141650794	0.00111318402694417	13.3643297677027	0.0979903162950226	19233406.7206042	16.9284266988215	26.9369075055628	6.75565164362424e-06	19460949.434241	0.0796927251895035	1e-04	1	25	12.5	25.2520049021532	38.2611344327953	0.5	0.408776669869855	0.484827855013887
95494	0.00183842123640868	0.00118259830127864	13.3882845617116	0.100433582056001	19208994.0911123	16.7243110439081	26.973742528617	0.0135999790433823	19490263.914182	0.079432684750141	0.001	1	25	12.5	24.6918551573016	38.3969794852279	0.5	0.387153739379758	0.444953639950639
95495	0.00192440354867115	0.00118876393567663	13.3971173291269	0.110824081907903	19201663.0444799	16.6161410958258	26.9819345170327	0.0278667445719719	19489764.4771045	0.077842522080546	0.003	1	25	12.5	24.6251998659714	38.0125200212604	0.5	0.376161206056987	0.456356893420044
95496	0.00190172178401068	0.00125471263448644	13.4315134914979	0.10719794787311	19152492.3448737	16.6609401265633	27.059570941162	0.0200268872741138	19455963.3620948	0.0816319027093866	0.005	1	25	12.5	24.879056403566	38.022185976803	0.5	0.375867704006709	0.471719129534464
95497	-0.00131179264028171	0.00166111227474655	13.2893666715507	0.181090463886602	19100548.0666722	19.5574109647688	27.3724608835372	8.69452507906953e-07	19356749.8279336	0.179135435457849	1e-04	2	25	12.5	25.0593475917487	38.0001085564788	0.5	0.600404678674155	0.48359545605285
95498	-0.000741335179214148	0.00168686303590237	13.2930932903036	0.181306975242573	19071272.7522236	17.0945339979664	26.9740947895324	0.0118982439960871	19483404.1342788	0.128181854542927	0.001	2	25	12.5	24.9798504975854	37.9440812471697	0.5	0.422063169856441	0.481012476402233
95499	-0.00138110593194378	0.00171165530057665	13.3067933544103	0.194972280951454	19087568.0307935	19.672372626119	27.4683361436511	5.90574404691172e-07	19338127.9855977	0.18936057798487	0.003	2	25	12.5	24.9784149532654	38.0693592805637	0.5	0.603710052381714	0.475909726386104
95500	-0.00165881974667366	0.00178105501926252	13.3396753752516	0.190584259089757	19041227.5023459	16.863558827881	27.0297471551435	0.0341468686222826	19513786.3995313	0.124771828579555	0.005	2	25	12.5	24.8908218629062	38.1860936201758	0.5	0.397150481044698	0.465856457834243
95501	-0.0206019839203832	0.00240735367149674	12.8632036469117	0.645078307141853	18873266.3791716	17.3816321803056	27.0560097768987	0.0207293488640652	19508760.3172763	0.276372270597347	1e-04	5	25	12.5	24.9301392797398	37.9371977234708	0.5	0.443413742953626	0.47825969611403
95502	-0.0202173611761748	0.00236207657406685	12.8462424938414	0.638279901853424	18898399.3944153	17.3754895934352	27.0115457948933	0.0194745579233683	19520451.5181183	0.274544753190695	0.001	5	25	12.5	24.9155869544174	38.404298058633	0.5	0.445422464233826	0.458623586556763
95503	-0.0202745171783563	0.00235022432127611	12.8536686200821	0.645697685847287	18890274.5104011	17.3844661522128	27.0296341025358	0.0250194580181929	19511999.6119292	0.27444581866178	0.003	5	25	12.5	24.8230948596602	37.8694663279653	0.5	0.445184691558946	0.474426072088753
95504	-0.0204903787022854	0.00229849567147533	12.8200505537048	0.624364845582643	18958416.7744903	17.3789268277578	26.9401025511996	0.01888521199511	19576231.5320254	0.271299413257382	0.005	5	25	12.5	24.8234830505556	38.0201579201121	0.5	0.449840843557118	0.468379403378643
95505	-0.0420517528592461	-0.00166451511954954	11.0475123067433	1.80896158165523	20045128.7522684	17.5750575463676	27.0476533396791	0.029364725520086	19595389.9544389	0.523252793218033	1e-04	10	25	12.5	25.1608917830232	38.0968567777822	0.5	0.461020496330079	0.485870170806613
95506	-0.0440986790603473	-0.00161482154364479	11.0562053600953	1.7720243372007	20052161.38361	17.5870093064028	26.9537366205913	0.0316147936501758	19654408.0507122	0.519895468630961	0.001	10	25	12.5	24.8515785700538	38.3950481126628	0.5	0.467406473096116	0.455025784199926
95507	-0.0451855160890667	-0.00164260884941699	11.0627000913277	1.80107268708271	20045950.4869008	17.5527109037533	26.9706760016145	0.0305082438732569	19640474.5767112	0.51856085570178	0.003	10	25	12.5	24.9582727687227	38.1974787836105	0.5	0.463446692109117	0.469546384977451
95508	-0.0462163789051036	-0.00170808216289973	11.0704409374454	1.85135220744611	20053347.1341635	17.5338425657922	27.0627794603455	0.027213540447505	19624569.7614646	0.519862757712722	0.005	10	25	12.5	24.9627030924954	38.1678870486897	0.5	0.456540295785257	0.471003444327942
